flower,1,126,8008.jpg,256,384
flower,1,138,8008.jpg,256,384
flower,2,147,8008.jpg,256,384
flower,2,151,8008.jpg,256,384
flower,4,158,8008.jpg,256,384
flower,4,166,8008.jpg,256,384
flower,1,171,8008.jpg,256,384
flower,10,157,8008.jpg,256,384
flower,11,149,8008.jpg,256,384
flower,7,140,8008.jpg,256,384
flower,17,139,8008.jpg,256,384
flower,13,129,8008.jpg,256,384
flower,13,163,8008.jpg,256,384
flower,18,170,8008.jpg,256,384
flower,20,159,8008.jpg,256,384
flower,25,154,8008.jpg,256,384
flower,25,130,8008.jpg,256,384
flower,28,134,8008.jpg,256,384
flower,32,136,8008.jpg,256,384
flower,30,142,8008.jpg,256,384
flower,37,139,8008.jpg,256,384
flower,37,146,8008.jpg,256,384
flower,30,179,8008.jpg,256,384
flower,42,180,8008.jpg,256,384
flower,45,178,8008.jpg,256,384
flower,52,182,8008.jpg,256,384
flower,42,167,8008.jpg,256,384
flower,45,165,8008.jpg,256,384
flower,54,167,8008.jpg,256,384
flower,60,167,8008.jpg,256,384
flower,61,158,8008.jpg,256,384
flower,48,156,8008.jpg,256,384
flower,49,148,8008.jpg,256,384
flower,42,145,8008.jpg,256,384
flower,37,133,8008.jpg,256,384
flower,41,134,8008.jpg,256,384
flower,43,131,8008.jpg,256,384
flower,46,126,8008.jpg,256,384
flower,41,124,8008.jpg,256,384
flower,47,135,8008.jpg,256,384
flower,51,137,8008.jpg,256,384
flower,58,144,8008.jpg,256,384
flower,59,151,8008.jpg,256,384
flower,65,152,8008.jpg,256,384
flower,66,144,8008.jpg,256,384
flower,62,133,8008.jpg,256,384
flower,57,124,8008.jpg,256,384
flower,73,130,8008.jpg,256,384
flower,69,134,8008.jpg,256,384
flower,66,125,8008.jpg,256,384
flower,72,123,8008.jpg,256,384
flower,73,146,8008.jpg,256,384
flower,67,155,8008.jpg,256,384
flower,69,162,8008.jpg,256,384
flower,78,170,8008.jpg,256,384
flower,84,166,8008.jpg,256,384
flower,77,156,8008.jpg,256,384
flower,86,147,8008.jpg,256,384
flower,81,133,8008.jpg,256,384
flower,96,141,8008.jpg,256,384
flower,92,148,8008.jpg,256,384
flower,89,159,8008.jpg,256,384
flower,92,155,8008.jpg,256,384
flower,98,152,8008.jpg,256,384
flower,91,127,8008.jpg,256,384
flower,101,138,8008.jpg,256,384
flower,99,124,8008.jpg,256,384
flower,105,127,8008.jpg,256,384
flower,111,134,8008.jpg,256,384
flower,107,142,8008.jpg,256,384
flower,116,126,8008.jpg,256,384
flower,166,131,8008.jpg,256,384
flower,168,135,8008.jpg,256,384
flower,175,129,8008.jpg,256,384
flower,180,138,8008.jpg,256,384
flower,183,135,8008.jpg,256,384
flower,184,129,8008.jpg,256,384
flower,189,129,8008.jpg,256,384
flower,190,134,8008.jpg,256,384
flower,189,138,8008.jpg,256,384
flower,192,140,8008.jpg,256,384
flower,198,136,8008.jpg,256,384
flower,196,127,8008.jpg,256,384
flower,188,153,8008.jpg,256,384
flower,191,157,8008.jpg,256,384
flower,189,164,8008.jpg,256,384
flower,184,165,8008.jpg,256,384
flower,195,175,8008.jpg,256,384
flower,208,173,8008.jpg,256,384
flower,211,170,8008.jpg,256,384
flower,205,157,8008.jpg,256,384
flower,207,136,8008.jpg,256,384
flower,204,125,8008.jpg,256,384
flower,212,133,8008.jpg,256,384
flower,215,125,8008.jpg,256,384
flower,218,130,8008.jpg,256,384
flower,220,125,8008.jpg,256,384
flower,225,130,8008.jpg,256,384
flower,226,134,8008.jpg,256,384
flower,221,142,8008.jpg,256,384
flower,221,150,8008.jpg,256,384
flower,221,164,8008.jpg,256,384
flower,230,163,8008.jpg,256,384
flower,223,161,8008.jpg,256,384
flower,241,163,8008.jpg,256,384
flower,238,155,8008.jpg,256,384
flower,244,155,8008.jpg,256,384
flower,242,146,8008.jpg,256,384
flower,231,142,8008.jpg,256,384
flower,241,133,8008.jpg,256,384
flower,237,122,8008.jpg,256,384
flower,226,122,8008.jpg,256,384
flower,232,116,8008.jpg,256,384
flower,239,119,8008.jpg,256,384
flower,246,128,8008.jpg,256,384
flower,250,131,8008.jpg,256,384
flower,251,118,8008.jpg,256,384
flower,251,102,8008.jpg,256,384
flower,248,150,8008.jpg,256,384
flower,253,147,8008.jpg,256,384
flower,246,143,8008.jpg,256,384