star,62,33,8007.jpg,623,384
star,111,33,8007.jpg,623,384
star,160,32,8007.jpg,623,384
star,207,32,8007.jpg,623,384
star,254,34,8007.jpg,623,384
star,302,36,8007.jpg,623,384
star,88,52,8007.jpg,623,384
star,136,50,8007.jpg,623,384
star,184,50,8007.jpg,623,384
star,233,53,8007.jpg,623,384
star,280,54,8007.jpg,623,384
star,304,73,8007.jpg,623,384
star,257,73,8007.jpg,623,384
star,209,69,8007.jpg,623,384
star,162,68,8007.jpg,623,384
star,114,69,8007.jpg,623,384
star,61,69,8007.jpg,623,384
star,89,87,8007.jpg,623,384
star,138,87,8007.jpg,623,384
star,187,87,8007.jpg,623,384
star,234,89,8007.jpg,623,384
star,281,92,8007.jpg,623,384
star,306,111,8007.jpg,623,384
star,258,110,8007.jpg,623,384
star,212,109,8007.jpg,623,384
star,164,105,8007.jpg,623,384
star,115,105,8007.jpg,623,384
star,63,107,8007.jpg,623,384
star,90,125,8007.jpg,623,384
star,140,126,8007.jpg,623,384
star,187,126,8007.jpg,623,384
star,236,129,8007.jpg,623,384
star,282,129,8007.jpg,623,384
star,306,148,8007.jpg,623,384
star,259,149,8007.jpg,623,384
star,212,147,8007.jpg,623,384
star,164,146,8007.jpg,623,384
star,115,147,8007.jpg,623,384
star,65,146,8007.jpg,623,384
star,90,165,8007.jpg,623,384
star,140,166,8007.jpg,623,384
star,188,166,8007.jpg,623,384
star,236,167,8007.jpg,623,384
star,283,167,8007.jpg,623,384
star,307,188,8007.jpg,623,384
star,259,187,8007.jpg,623,384
star,212,187,8007.jpg,623,384
star,164,186,8007.jpg,623,384
star,115,186,8007.jpg,623,384
star,64,184,8007.jpg,623,384
